<?xml version='1.0' encoding='UTF-8'?>
<?artifactRepository version='1.1.0'?>
<repository name='file:/Users/danwiseman/Workspace/liverpoolvictoria/guidewire-poc-connector/target/update-site/ - artifacts' type='org.eclipse.equinox.p2.artifact.repository.simpleRepository' version='1.0.0'>
  <properties size='2'>
    <property name='p2.timestamp' value='1504709609585'/>
    <property name='p2.compressed' value='false'/>
  </properties>
  <mappings size='3'>
    <rule filter='(&amp; (classifier=osgi.bundle))' output='${repoUrl}/plugins/${id}_${version}.jar'/>
    <rule filter='(&amp; (classifier=binary))' output='${repoUrl}/binary/${id}_${version}'/>
    <rule filter='(&amp; (classifier=org.eclipse.update.feature))' output='${repoUrl}/features/${id}_${version}.jar'/>
  </mappings>
  <artifacts size='4'>
    <artifact classifier='osgi.bundle' id='org.mule.tooling.ui.contribution.guidewire-poc.3.5.0' version='1.0.0.201709061017'>
      <properties size='3'>
        <property name='artifact.size' value='2523023'/>
        <property name='download.size' value='2523023'/>
        <property name='download.md5' value='107af6cb400955f7af3df81771f27beb'/>
      </properties>
    </artifact>
    <artifact classifier='osgi.bundle' id='org.mule.tooling.ui.contribution.guidewire-poc.3.5.0' version='1.0.0.201709061552'>
      <properties size='3'>
        <property name='artifact.size' value='2573331'/>
        <property name='download.size' value='2573331'/>
        <property name='download.md5' value='ff2969c9b81c6d4c2f4158d7b2ba13a2'/>
      </properties>
    </artifact>
    <artifact classifier='org.eclipse.update.feature' id='org.mule.tooling.ui.extension.guidewire-poc-connector.3.5.0' version='1.0.0.201709061017'>
      <properties size='4'>
        <property name='artifact.size' value='654'/>
        <property name='download.size' value='654'/>
        <property name='download.md5' value='bef3788d3fd0183355ac926fde17e151'/>
        <property name='download.contentType' value='application/zip'/>
      </properties>
    </artifact>
    <artifact classifier='org.eclipse.update.feature' id='org.mule.tooling.ui.extension.guidewire-poc-connector.3.5.0' version='1.0.0.201709061552'>
      <properties size='4'>
        <property name='artifact.size' value='653'/>
        <property name='download.size' value='653'/>
        <property name='download.md5' value='642562299bf87b87e16598f29aa91a04'/>
        <property name='download.contentType' value='application/zip'/>
      </properties>
    </artifact>
  </artifacts>
</repository>
