<?xml version='1.0' encoding='UTF-8'?>
<?artifactRepository version='1.1.0'?>
<repository name='file:/Users/jeromebugnet/AnypointStudio/workspace63/guidewire-poc-connector/target/update-site/ - artifacts' type='org.eclipse.equinox.p2.artifact.repository.simpleRepository' version='1'>
  <properties size='2'>
    <property name='p2.timestamp' value='1504740739495'/>
    <property name='p2.compressed' value='false'/>
  </properties>
  <mappings size='3'>
    <rule filter='(&amp; (classifier=osgi.bundle))' output='${repoUrl}/plugins/${id}_${version}.jar'/>
    <rule filter='(&amp; (classifier=binary))' output='${repoUrl}/binary/${id}_${version}'/>
    <rule filter='(&amp; (classifier=org.eclipse.update.feature))' output='${repoUrl}/features/${id}_${version}.jar'/>
  </mappings>
  <artifacts size='2'>
    <artifact classifier='org.eclipse.update.feature' id='org.mule.tooling.ui.extension.guidewire-poc-connector.3.5.0' version='1.0.0.201709070032'>
      <properties size='4'>
        <property name='artifact.size' value='652'/>
        <property name='download.size' value='652'/>
        <property name='download.md5' value='085ec1a7b68f3a09f28d70ce1c25ef11'/>
        <property name='download.contentType' value='application/zip'/>
      </properties>
    </artifact>
    <artifact classifier='osgi.bundle' id='org.mule.tooling.ui.contribution.guidewire-poc.3.5.0' version='1.0.0.201709070032'>
      <properties size='3'>
        <property name='artifact.size' value='2571142'/>
        <property name='download.size' value='2571142'/>
        <property name='download.md5' value='08f6db8363a08d79f9e30a025f322c96'/>
      </properties>
    </artifact>
  </artifacts>
</repository>
