<?xml version='1.0' encoding='UTF-8'?>
<?artifactRepository version='1.1.0'?>
<repository name='file:/Users/danwiseman/Workspace/liverpoolvictoria/guidewire-poc-connector/target/update-site/ - artifacts' type='org.eclipse.equinox.p2.artifact.repository.simpleRepository' version='1'>
  <properties size='2'>
    <property name='p2.timestamp' value='1504616029902'/>
    <property name='p2.compressed' value='false'/>
  </properties>
  <mappings size='3'>
    <rule filter='(&amp; (classifier=osgi.bundle))' output='${repoUrl}/plugins/${id}_${version}.jar'/>
    <rule filter='(&amp; (classifier=binary))' output='${repoUrl}/binary/${id}_${version}'/>
    <rule filter='(&amp; (classifier=org.eclipse.update.feature))' output='${repoUrl}/features/${id}_${version}.jar'/>
  </mappings>
  <artifacts size='2'>
    <artifact classifier='org.eclipse.update.feature' id='org.mule.tooling.ui.extension.guidewire-poc-connector.3.5.0' version='1.0.0.201709051353'>
      <properties size='4'>
        <property name='artifact.size' value='653'/>
        <property name='download.size' value='653'/>
        <property name='download.md5' value='43b525b853d2735a5018e58019343db9'/>
        <property name='download.contentType' value='application/zip'/>
      </properties>
    </artifact>
    <artifact classifier='osgi.bundle' id='org.mule.tooling.ui.contribution.guidewire-poc.3.5.0' version='1.0.0.201709051353'>
      <properties size='3'>
        <property name='artifact.size' value='2476315'/>
        <property name='download.size' value='2476315'/>
        <property name='download.md5' value='fdf3973a6243bf059719f34ea6a98bd1'/>
      </properties>
    </artifact>
  </artifacts>
</repository>
